istart,istop,cstart,cstop,tstart,tstop,ed_rec,ed_rec_err,ampl_rec,dur,total_n_valid_data_points,difference_support,candidate,rise_time_min,decay_time_min,rise_lt_decay,two_rise_lt_decay,flare_energy_erg,log_energy
426,430,,,2825.364015328676,2825.364941281415,0.6368703519975583,0.025995876625535493,0.014035225,0.0009259527391805022,113531.0,1,0,0.33334290244965814,1.000029041970265,True,True,2.9954958886058223e+31,31.476468727846587
483,571,,,2825.377673129541,2825.3985070620975,51.99336837324741,0.11772344641110154,0.07249308,0.020833932556342916,113531.0,7,1,3.666772260912694,26.334090620221104,True,True,2.4454886415787766e+33,33.388365650019246
4114,4152,,,2826.248530731367,2826.2577902410635,5.25773906598269,0.08901542962695237,0.014029264,0.009259509696676105,113531.0,1,2,1.3333695974870352,12.000324365726556,True,True,2.4729579114673167e+32,32.39321672494478
5095,5108,,,2826.4848796720544,2826.487889011647,1.8884018506660425,0.05008869816418644,0.013134241,0.0030093395926087396,113531.0,0,4,1.3333689269347815,3.0000800864218036,True,True,8.88202749894604e+31,31.94851211342469
6323,6359,,,2826.777248516558,2826.7855820683926,3.999922171824444,0.07424712941155974,0.020457625,0.008333551834766695,113531.0,2,10,2.6667365134198917,9.333578128644149,True,True,1.881348438165219e+32,32.27446923720822
6924,6971,,,2826.9200763234876,2826.9314192111897,13.184861742472101,0.08720284911680944,0.04228735,0.011342887702085136,113531.0,0,11,0.0,16.333758291002596,True,True,6.2014504235491246e+32,32.79249327615548
9709,9810,,,2827.59000087497,2827.6143070418816,10.637031228012372,0.14587715526015765,0.011616111,0.02430616691162868,113531.0,0,16,2.666733831210877,32.33414652153442,True,True,5.003087867184146e+32,32.69923813028659
11248,11300,,,2827.9636213035897,2827.9758901251726,8.432410598649714,0.10435894398947398,0.013066411,0.012268821582892997,113531.0,0,25,4.666781857522437,13.000321221843478,True,True,3.9661527970434114e+32,32.59836944149675
11399,11409,,,2827.998807357503,2828.0011222294556,1.3630988877758732,0.0452399609970798,0.010311365,0.0023148719524215267,113531.0,1,27,0.666683121380629,2.6667324901063694,True,True,6.411284653601605e+31,31.806945059483017
12680,12708,,,2828.308305679133,2828.315481779625,3.7393120904430113,0.07955240649396814,0.017641664,0.007176100491960824,113531.0,1,29,0.0,10.333584708423587,True,True,1.758771460785323e+32,32.24520940979961
14913,15009,,,2828.843503717426,2828.8664209274066,9.7574139800512,0.14146249024907265,0.015450001,0.022917209980732878,113531.0,0,34,1.0000240134831984,32.000758358772146,True,True,4.5893631834160816e+32,32.66175242734216
15214,15224,,,2828.9154961629774,2828.9180425195636,1.6284660622990508,0.051989665602452,0.010478735,0.002546356586208276,113531.0,1,42,0.33334122475935146,3.333412259380566,True,True,7.659429237129289e+31,31.884196408222593
16173,16299,,,2829.1453626794228,2829.1752244887302,37.55916185899282,0.1296555931877692,0.04442978,0.029861809307476506,113531.0,1,46,4.000093706999905,39.00091169576626,True,True,1.7665811350019472e+33,33.24713358837401
19519,19523,,,2829.948158892856,2829.949779299731,1.6555489577437825,0.04958227968667531,0.021496415,0.001620406874735636,113531.0,1,47,1.0000226717238547,1.333363227895461,True,False,7.786812623248268e+31,31.891359724244317
20849,20921,,,2830.266684539198,2830.284971982222,30.808069214548777,0.09240100905947392,0.110785484,0.018287443023837113,113531.0,2,48,1.6667037807928864,24.667214173532557,True,True,1.4490460166438755e+33,33.16108217736709
24453,24463,,,2831.1319811568155,2831.134527507582,1.1130047401930412,0.04758538060980258,0.010371447,0.0025463507663516793,113531.0,0,56,0.0,3.6667451035464182,True,True,5.234976181242975e+31,31.71891471001137
25002,25068,,,2831.263465435298,2831.2792065096273,9.258273347862826,0.09164523805530178,0.04010439,0.015741074329525873,113531.0,2,57,1.000020994033548,21.66712604048371,True,True,4.354594253308605e+32,32.63894769510525
27004,27030,,,2831.9558409916253,2831.9620911200545,3.708288642524451,0.06766110936481962,0.021078229,0.0062501284292011405,113531.0,1,70,1.0000206600670936,8.000164277982549,True,True,1.7441796980507342e+32,32.24159122707103
30862,30903,,,2832.8799336210986,2832.889887520204,5.836217430366553,0.09469523773875853,0.012720704,0.009953899105312303,113531.0,1,73,0.6666797699290328,13.666934941720683,True,True,2.745043047276233e+32,32.438549159368236
35584,35639,,,2834.0137515928986,2834.026483311339,7.06353465483118,0.1037296439114579,0.014935732,0.01273171844013632,113531.0,0,90,3.000055945230997,15.333618608565303,True,True,3.3223071149734834e+32,32.52143977627111
36134,36181,,,2834.145235513287,2834.1570412871374,11.264897297295203,0.09861171115187445,0.035438657,0.011805773850483092,113531.0,1,92,1.6666974131658208,15.333616931529832,True,True,5.298402325336067e+32,32.724144932639845
39608,39641,,,2834.9820562447644,2834.9908526976483,4.155020738313713,0.09161725833428745,0.013447285,0.008796452883871098,113531.0,0,99,1.0000179778580787,11.666874174916302,True,True,1.954298469013733e+32,32.29099089180182
40814,40821,,,2835.2734965812247,2835.2751169801813,0.7244929341419777,0.035709849643888215,0.010400176,0.0016203989566747623,113531.0,1,100,0.0,2.3333744976116577,True,True,3.407625427591868e+31,31.532451850275898
43106,43133,,,2835.826746924814,2835.8334600029525,4.14499726573797,0.08016696379830725,0.0163517,0.006713078138545825,113531.0,2,104,1.0000169726845343,8.666815546821454,True,True,1.949583966164603e+32,32.28994194445176
49799,49837,,,2837.432329293686,2837.441588704198,4.341036690492775,0.08780135367901681,0.016062856,0.009259410511731403,113531.0,2,122,0.6666774229961447,12.666873713897076,True,True,2.0417903766240933e+32,32.3100111525655
52619,52637,,,2838.108960654845,2838.1138218445017,3.175553048179875,0.054650713942508,0.02722776,0.004861189656821807,113531.0,1,126,0.3333388791361358,6.6667742266872665,True,True,1.4936095031016569e+32,32.17423706815171
53163,53198,,,2838.241138708998,2838.2501666318476,4.024701420075264,0.07497656376603974,0.023719668,0.009027922849782044,113531.0,2,128,0.3333388791361358,12.666870024550008,True,True,1.8930032649325916e+32,32.277151363008166
66010,66031,,,2841.5367839898618,2841.542571085227,3.8636954704273414,0.0674646575993803,0.023044586,0.005787095365121786,113531.0,0,144,1.3333467980555724,7.000070527719799,True,True,1.8172747185025837e+32,32.25942058482664
69899,69907,,,2842.4703576329603,2842.4722095011857,2.0821921982910574,0.04097806461152341,0.017052174,0.0018518682254580199,113531.0,0,154,1.0000089254026534,1.6666813192568952,True,False,9.793513153351964e+31,31.990938510947462
71574,71612,,,2842.8742962804145,2842.8833241331827,16.055246827155752,0.05420746818649819,0.14982462,0.009027852768213052,113531.0,3,156,0.3333361962722847,12.66677178995451,True,True,7.551525316016143e+32,32.87803468267852
78000,78074,,,2844.4178261961547,2844.4351874196173,7.649888420866883,0.12370384433447744,0.011266947,0.017361223462557973,113531.0,0,166,2.000013157594367,23.000148628489114,True,True,3.598096416503919e+32,32.55607279675122
79706,79740,,,2844.8287083914784,2844.836578808968,4.799764252734601,0.07374525384822209,0.021135092,0.007870417489812098,113531.0,1,171,0.3333351910987403,11.000065994230681,True,True,2.2575511703830764e+32,32.35363760295593
84624,84690,,,2846.211817496267,2846.2270953426546,8.020894970535569,0.08908268634449944,0.029420614,0.015277846387562022,113531.0,1,211,1.0000045674678404,21.00009423062147,True,True,3.77259795998017e+32,32.57664052556532
85060,85202,,,2846.31482721224,2846.3490866209786,63.35059647465529,0.12610856379385382,0.10066223,0.03425940873876243,113531.0,6,217,2.333343654827331,47.00020492899057,True,True,2.9796716189621586e+33,33.47416840436788
87458,87551,,,2846.889598071717,2846.9115888951965,44.80365239520065,0.07848242377162422,0.2773255,0.02199082347942749,113531.0,2,221,0.3333345205464866,31.3334512898291,True,True,2.1073230387220553e+33,33.32373111519083
87587,87663,,,2846.9199222596044,2846.9382093647923,12.044891979540175,0.1196205417610119,0.027572036,0.018287105187937414,113531.0,1,223,2.0000074579002103,24.333424012729665,True,True,5.665269907799409e+32,32.7532206055808
88513,88527,,,2847.1453860385345,2847.1488582731226,1.5306670342787676,0.05175267457354077,0.011791587,0.0034722345881164074,113531.0,1,226,2.0000071232789196,3.000010683608707,True,False,7.199435165454357e+31,31.857298425021707
92302,92323,,,2848.0560369514988,2848.0618240035574,3.9517100873829882,0.07565210684361727,0.015936494,0.005787052058622066,113531.0,0,238,0.6666683705407195,7.666686593875056,True,True,1.8586720645088656e+32,32.2692027716237
95261,95397,,,2848.767844093427,2848.8007145254437,15.909675388043109,0.1725165237911252,0.01428175,0.03287043201680717,113531.0,0,252,4.000007538415957,43.33341456578637,True,True,7.483056333908143e+32,32.87407901468894
96630,96637,,,2849.0953909573605,2849.097011330242,0.8756221988851962,0.033335558549468416,0.014874339,0.0016203728814616625,113531.0,1,255,0.0,2.333336949304794,True,True,4.118456273723119e+31,31.614734459373587
97536,97733,,,2849.3141412814357,2849.3620580135066,20.052238883393393,0.2173849115119392,0.010540843,0.04791673207091662,113531.0,0,259,6.6666763280227315,62.333417854097206,True,True,9.431495585270549e+32,32.97458056579447
104940,105009,,,2851.088679491121,2851.1058091212194,10.2533411114245,0.13091982227553373,0.013431311,0.01712963009822488,113531.0,0,270,2.9999999554274837,21.666667386016343,True,True,4.822620655430181e+32,32.68328310191095
107590,107642,,,2851.7208553359033,2851.7331238515467,5.6616723784445995,0.09876018015437749,0.014414787,0.012268515643427236,113531.0,1,279,1.6666665677621495,15.99999595877307,True,True,2.662946434713131e+32,32.425362430673836
107775,107847,,,2851.7650682868207,2851.7819664304197,9.387729174081095,0.1239444557680133,0.015181184,0.016898143599064497,113531.0,0,282,0.666667029436212,23.666659753216663,True,True,4.415483317146575e+32,32.64497824822649
111849,111902,,,2852.7416882432117,2852.7541882355745,5.361002911014392,0.10374361186344573,0.011019349,0.01249999236279109,113531.0,0,284,1.6666658972098958,16.333323105209274,True,True,2.521527674883667e+32,32.40166373909571
112186,112373,,,2852.8210863425684,2852.8659937203793,24.584014786518065,0.20342725744456788,0.019168139,0.04490737781088683,113531.0,1,288,0.9999988677736837,63.66662517990335,True,True,1.1562999437399144e+33,33.06307050451225
113322,113343,,,2853.092845395241,2853.097937983153,2.526311869599038,0.06989526840642815,0.010069728,0.005092587911804003,113531.0,0,290,1.6666652260028059,5.666661366994958,True,True,1.1882413422110471e+32,32.07490465861277
